dataset,arm,filter_params,seed,HR@5,NDCG@5,HR@10,NDCG@10,HR@20,NDCG@20
Beauty,full,6656,42,0.0332,0.0208,0.0546,0.0277,0.088,0.0361
Beauty,full,6656,43,0.0363,0.0234,0.0567,0.03,0.0879,0.0378
Beauty,full,6656,44,0.0315,0.0198,0.0518,0.0263,0.0819,0.0339
Beauty,full,6656,45,0.0353,0.0218,0.0566,0.0287,0.087,0.0363
Beauty,full,6656,46,0.036,0.0234,0.057,0.0301,0.0889,0.0381
Beauty,rank1,360,42,0.0346,0.0222,0.0556,0.0289,0.0893,0.0374
Beauty,rank1,360,43,0.0351,0.0226,0.0561,0.0294,0.0889,0.0376
Beauty,rank1,360,44,0.0373,0.0243,0.059,0.0313,0.0929,0.0398
Beauty,rank1,360,45,0.034,0.0213,0.0573,0.0288,0.0905,0.0371
Beauty,rank1,360,46,0.0343,0.0224,0.0549,0.029,0.0861,0.0369
Beauty,shared,104,42,0.0316,0.0206,0.0553,0.0282,0.0884,0.0365
Beauty,shared,104,43,0.0346,0.0225,0.055,0.029,0.0863,0.0369
Beauty,shared,104,44,0.0348,0.023,0.0564,0.0298,0.0889,0.038
Beauty,shared,104,45,0.0345,0.0218,0.0566,0.0289,0.0896,0.0372
Beauty,shared,104,46,0.0334,0.022,0.055,0.0289,0.0864,0.0368
Beauty,none,0,42,0.0263,0.0171,0.0445,0.023,0.0682,0.0289
Beauty,none,0,43,0.029,0.0189,0.046,0.0243,0.0697,0.0303
Beauty,none,0,44,0.0293,0.0192,0.0465,0.0247,0.0718,0.0311
Beauty,none,0,45,0.0267,0.0178,0.0439,0.0233,0.0716,0.0302
Beauty,none,0,46,0.0265,0.0179,0.0423,0.023,0.0653,0.0288
LastFM,full,6656,42,0.0385,0.0243,0.0624,0.0319,0.089,0.0386
LastFM,full,6656,43,0.0394,0.0265,0.0606,0.0334,0.0908,0.041
LastFM,full,6656,44,0.0376,0.0265,0.0642,0.0349,0.089,0.0411
LastFM,full,6656,45,0.0422,0.0286,0.0642,0.0356,0.0853,0.0409
LastFM,full,6656,46,0.0468,0.032,0.0633,0.0375,0.0963,0.0459
LastFM,rank1,360,42,0.045,0.029,0.0679,0.0364,0.1018,0.0449
LastFM,rank1,360,43,0.0413,0.0286,0.0642,0.0359,0.0917,0.0427
LastFM,rank1,360,44,0.0394,0.0252,0.0578,0.0312,0.0936,0.0402
LastFM,rank1,360,45,0.0431,0.0256,0.0642,0.0325,0.0982,0.0411
LastFM,rank1,360,46,0.045,0.0297,0.0725,0.0384,0.1037,0.0463
LastFM,shared,104,42,0.0459,0.0284,0.0697,0.0359,0.1,0.0435
LastFM,shared,104,43,0.0459,0.0298,0.0642,0.0358,0.0927,0.043
LastFM,shared,104,44,0.0385,0.025,0.0587,0.0315,0.0954,0.0406
LastFM,shared,104,45,0.0349,0.022,0.0624,0.0309,0.1064,0.0421
LastFM,shared,104,46,0.0431,0.0271,0.0587,0.0321,0.1028,0.043
LastFM,none,0,42,0.033,0.0241,0.0468,0.0286,0.0651,0.0333
LastFM,none,0,43,0.0394,0.0276,0.0587,0.0339,0.0853,0.0405
LastFM,none,0,44,0.033,0.0247,0.0477,0.0294,0.0679,0.0346
LastFM,none,0,45,0.0284,0.0199,0.0367,0.0226,0.0523,0.0264
LastFM,none,0,46,0.0339,0.024,0.055,0.0307,0.0706,0.0346
ML-1M,full,6656,42,0.1265,0.0806,0.2041,0.1056,0.3139,0.1331
ML-1M,full,6656,43,0.127,0.0827,0.2033,0.1073,0.3116,0.1347
ML-1M,full,6656,44,0.1248,0.0806,0.2048,0.1062,0.3179,0.1347
ML-1M,full,6656,45,0.1242,0.078,0.2058,0.1041,0.3136,0.1312
ML-1M,full,6656,46,0.1343,0.0864,0.2038,0.1088,0.3094,0.1353
ML-1M,rank1,360,42,0.123,0.0801,0.1942,0.103,0.2945,0.1284
ML-1M,rank1,360,43,0.1224,0.0791,0.1988,0.1038,0.3056,0.1307
ML-1M,rank1,360,44,0.1171,0.0737,0.1964,0.0992,0.3041,0.1263
ML-1M,rank1,360,45,0.1281,0.0809,0.2114,0.1076,0.3199,0.1348
ML-1M,rank1,360,46,0.1205,0.0772,0.195,0.1011,0.3036,0.1284
ML-1M,shared,104,42,0.1098,0.0693,0.1882,0.0944,0.3018,0.123
ML-1M,shared,104,43,0.1151,0.0746,0.1945,0.1002,0.3068,0.1284
ML-1M,shared,104,44,0.1247,0.0793,0.1969,0.1026,0.3079,0.1305
ML-1M,shared,104,45,0.1134,0.0717,0.1846,0.0944,0.2919,0.1214
ML-1M,shared,104,46,0.119,0.0757,0.1902,0.0986,0.2985,0.1258
ML-1M,none,0,42,0.1063,0.0678,0.1657,0.087,0.2445,0.1069
ML-1M,none,0,43,0.1075,0.0709,0.1679,0.0904,0.2366,0.1076
ML-1M,none,0,44,0.1002,0.0646,0.1626,0.0847,0.2386,0.1038
ML-1M,none,0,45,0.1056,0.0702,0.1669,0.0898,0.2498,0.1107
ML-1M,none,0,46,0.1003,0.065,0.1641,0.0854,0.2386,0.1042
Toys_and_Games,full,6656,42,0.0456,0.031,0.0683,0.0383,0.0982,0.0458
Toys_and_Games,full,6656,43,0.0452,0.0306,0.0653,0.037,0.0937,0.0442
Toys_and_Games,full,6656,44,0.043,0.029,0.0638,0.0358,0.092,0.0428
Toys_and_Games,full,6656,45,0.0469,0.0315,0.0698,0.0388,0.0987,0.0461
Toys_and_Games,full,6656,46,0.046,0.0316,0.0685,0.0388,0.0971,0.0461
Toys_and_Games,rank1,360,42,0.0427,0.0288,0.0636,0.0355,0.0938,0.0431
Toys_and_Games,rank1,360,43,0.0457,0.0317,0.067,0.0384,0.0966,0.0459
Toys_and_Games,rank1,360,44,0.0468,0.0316,0.0699,0.0391,0.099,0.0464
Toys_and_Games,rank1,360,45,0.0436,0.0296,0.0643,0.0362,0.0937,0.0436
Toys_and_Games,rank1,360,46,0.0468,0.0316,0.0686,0.0386,0.0998,0.0464
Toys_and_Games,shared,104,42,0.0419,0.0277,0.0637,0.0347,0.095,0.0426
Toys_and_Games,shared,104,43,0.0471,0.0323,0.0727,0.0405,0.1026,0.0481
Toys_and_Games,shared,104,44,0.043,0.0288,0.0644,0.0358,0.0929,0.043
Toys_and_Games,shared,104,45,0.0455,0.0307,0.0667,0.0374,0.0956,0.0447
Toys_and_Games,shared,104,46,0.0406,0.0273,0.0618,0.0341,0.0905,0.0413
Toys_and_Games,none,0,42,0.0312,0.0217,0.0479,0.0271,0.0707,0.0329
Toys_and_Games,none,0,43,0.0319,0.0218,0.047,0.0266,0.0684,0.032
Toys_and_Games,none,0,44,0.0309,0.021,0.047,0.0262,0.0711,0.0322
Toys_and_Games,none,0,45,0.0341,0.0223,0.0485,0.0269,0.0689,0.032
Toys_and_Games,none,0,46,0.0342,0.0238,0.0512,0.0292,0.074,0.0349
