series,x,mean,ci_low,ci_high,seed_20260901,seed_20260902,seed_20260903,seed_20260904,seed_20260905,seed_20260906,seed_20260907,seed_20260908
signed_delta_tap,0,0.0185065717,0.0121922553,0.024820888,0.0145820174,0.0162326992,0.0199800916,0.0222567264,0.0167780034,0.00398229156,0.0268284641,0.0274122804
signed_delta_tap,1,0.330547154,0.323124934,0.337969374,0.33540684,0.329944521,0.335864067,0.327169597,0.32866475,0.346943051,0.319399863,0.320984304
signed_delta_tap,2,0.238891229,0.234707283,0.243075175,0.243290186,0.240342408,0.23975201,0.241046831,0.235713303,0.246036008,0.230896324,0.234052643
signed_delta_tap,3,0.194043428,0.190894079,0.197192777,0.202442065,0.19175601,0.193290785,0.194654852,0.1925475,0.194207624,0.189532891,0.193915755
signed_delta_tap,4,0.155097827,0.151360417,0.158835238,0.165581554,0.153770149,0.152860299,0.152415946,0.15506494,0.15314278,0.151774138,0.156172797
signed_delta_tap,5,0.133784637,0.132505208,0.135064066,0.134995997,0.132116094,0.135373786,0.134953439,0.133822337,0.130939901,0.134159029,0.133916527
signed_delta_tap,6,0.118214712,0.11506191,0.121367513,0.125649154,0.122374766,0.116691478,0.117156476,0.114862144,0.115291223,0.11689356,0.116798878
signed_delta_tap,7,0.11164923,0.109274215,0.114024245,0.116386347,0.115327626,0.110180199,0.110452212,0.111163139,0.107865766,0.111711055,0.110107563
signed_delta_tap,8,0.09291026,0.0914646698,0.0943558501,0.0954959542,0.0922353789,0.0936032683,0.0933783799,0.0925107449,0.0894228145,0.0928516537,0.093783915
signed_delta_tap,9,0.0940891057,0.0911065053,0.0970717062,0.0942688808,0.0925134644,0.093434602,0.100907952,0.0958199501,0.0883322805,0.0924445689,0.0949911922
signed_delta_tap,10,0.0748419166,0.0720186464,0.0776651868,0.0788056403,0.0745807067,0.0765966251,0.0730418712,0.0786098614,0.0683973208,0.0752237439,0.0734795853
signed_delta_tap,11,0.0730358958,0.0705640243,0.0755077673,0.0751277432,0.0734469816,0.0697849989,0.0769684464,0.0735982507,0.0728784949,0.0746932179,0.0677890778
signed_delta_tap,12,0.0637484044,0.0602781564,0.0672186524,0.0648596212,0.0661349371,0.0617797151,0.0694957599,0.0660213605,0.0554803386,0.0642087162,0.0620068274
signed_delta_tap,13,0.0689742714,0.0663101946,0.0716383482,0.072759144,0.0716886148,0.0667587668,0.07104709,0.0714697987,0.0637381002,0.0671909973,0.067141667
signed_delta_tap,14,0.0638225079,0.0614635683,0.0661814474,0.0619327426,0.0656443089,0.0611682236,0.0686894208,0.0626822636,0.0644560903,0.0657481104,0.0602588989
signed_delta_tap,15,0.0613349862,0.0586944398,0.0639755327,0.0629143491,0.0645156354,0.0559762977,0.0646559149,0.0612316765,0.0575745292,0.0630618632,0.0607496016
absolute_delta_tap,0,0.0799465328,0.0760419849,0.0838510808,0.0798075646,0.0781980455,0.0729682371,0.0788496882,0.081359677,0.0897010267,0.0783851743,0.0803028494
absolute_delta_tap,1,0.330547154,0.323124934,0.337969374,0.33540684,0.329944521,0.335864067,0.327169597,0.32866475,0.346943051,0.319399863,0.320984304
absolute_delta_tap,2,0.239038944,0.234961898,0.243115991,0.243290186,0.240342408,0.23975201,0.241046831,0.236335069,0.246036008,0.230896324,0.234612539
absolute_delta_tap,3,0.194531083,0.191466629,0.197595537,0.202442065,0.19175601,0.193290785,0.195174232,0.194651246,0.194207624,0.189883575,0.194843143
absolute_delta_tap,4,0.156018481,0.152453242,0.15958372,0.165581554,0.153770149,0.154182479,0.152415946,0.158115894,0.15314278,0.154702812,0.156236246
absolute_delta_tap,5,0.134796843,0.133056604,0.136537082,0.136418819,0.133456811,0.135597378,0.134953439,0.137975976,0.130939901,0.134737968,0.13429442
absolute_delta_tap,6,0.120354012,0.117703449,0.123004575,0.126431406,0.122374766,0.121543027,0.117581978,0.120279454,0.116236225,0.118650958,0.119734257
absolute_delta_tap,7,0.114272192,0.112220811,0.116323573,0.11778453,0.11663837,0.112771109,0.11486496,0.115200162,0.110724494,0.114739612,0.111454338
absolute_delta_tap,8,0.0970541984,0.0938880195,0.100220377,0.103685156,0.0950777754,0.0979972407,0.0981742293,0.0954362005,0.0908268318,0.0955752283,0.0996609628
absolute_delta_tap,9,0.099086158,0.0954222695,0.102750046,0.100818962,0.097405605,0.103814088,0.103520066,0.100527816,0.0902014375,0.0967826471,0.0996186808
absolute_delta_tap,10,0.0826407671,0.0792085622,0.086072972,0.0862286314,0.0824821517,0.0852957517,0.0786900148,0.0895852223,0.0781780779,0.0789852142,0.0816810653
absolute_delta_tap,11,0.0796803907,0.0766504524,0.0827103289,0.0802175701,0.0762019455,0.0846238509,0.0822343007,0.0811779052,0.0809188932,0.0790536776,0.0730149522
absolute_delta_tap,12,0.073921293,0.0699080148,0.0779345713,0.0781748891,0.0701409131,0.0733917281,0.0779292807,0.0763472766,0.0649842918,0.0717694461,0.0786325336
absolute_delta_tap,13,0.0772092119,0.0744009647,0.080017459,0.079370372,0.0795556605,0.0772129074,0.0774569958,0.0828104019,0.0736244842,0.0729361698,0.0747066513
absolute_delta_tap,14,0.073047772,0.0705403526,0.0755551915,0.0685357898,0.0708042458,0.0715140477,0.0780615285,0.0756800994,0.0718436167,0.0739512891,0.0739915669
absolute_delta_tap,15,0.0707514659,0.0660872845,0.0754156472,0.0754323453,0.0757826343,0.064398244,0.0772285461,0.0748556629,0.0646859109,0.065454118,0.0681742504
effective_response_magnitude,0,2.89349209,2.87046639,2.91651778,2.94449821,2.90262427,2.88309515,2.91829087,2.89055999,2.85868864,2.87661817,2.87356141
effective_response_magnitude,0.0078125,2.87835133,2.85557583,2.90112683,2.9291722,2.88682039,2.86867042,2.9023026,2.87613992,2.84398387,2.86117879,2.85854247
effective_response_magnitude,0.015625,2.83328275,2.81119953,2.85536597,2.88361825,2.8398968,2.82567821,2.85479751,2.83275974,2.80032161,2.81524525,2.81394464
effective_response_magnitude,0.0234375,2.75949226,2.7384083,2.78057621,2.80912617,2.76332149,2.75508334,2.77717404,2.76095178,2.72906047,2.74007024,2.74115053
effective_response_magnitude,0.03125,2.6591715,2.6392169,2.6791261,2.70789158,2.65955124,2.65873593,2.67181132,2.66250913,2.63247014,2.63792426,2.64247842
effective_response_magnitude,0.0390625,2.53551327,2.51660544,2.55442109,2.58305437,2.53203956,2.53947679,2.54210765,2.54035968,2.51373296,2.51214446,2.52119066
effective_response_magnitude,0.046875,2.39269982,2.37452938,2.41087025,2.43872007,2.38523973,2.40114606,2.39250554,2.39844409,2.37694035,2.36710968,2.38149301
effective_response_magnitude,0.0546875,2.2358875,2.21796715,2.25380785,2.2799614,2.2246013,2.24855102,2.22851043,2.24166577,2.22708637,2.20820105,2.22852269
effective_response_magnitude,0.0625,2.07119018,2.05299489,2.08938548,2.11280153,2.05655687,2.08742726,2.05671116,2.07587794,2.07005664,2.04177408,2.06831599
effective_response_magnitude,0.0703125,1.90565186,1.88681455,1.92448917,1.94417207,1.88848496,1.92440711,1.88479045,1.90789734,1.91259186,1.87514155,1.90772952
effective_response_magnitude,0.078125,1.74717079,1.72765006,1.76669151,1.7818225,1.72860423,1.76698756,1.72146001,1.74553149,1.76216313,1.71652296,1.75427441
effective_response_magnitude,0.0859375,1.60427285,1.5844318,1.6241139,1.63412629,1.58568431,1.62342113,1.57614873,1.59754988,1.62665242,1.57479099,1.61580906
effective_response_magnitude,0.09375,1.4855003,1.46606536,1.50493524,1.50962843,1.46832899,1.50226083,1.45811208,1.47335345,1.51370435,1.458629,1.49998528
effective_response_magnitude,0.1015625,1.39802277,1.37993111,1.41611442,1.41589575,1.38348732,1.41102395,1.37456515,1.38171374,1.4295327,1.37479124,1.41317228
effective_response_magnitude,0.109375,1.34524768,1.329447,1.36104835,1.35711063,1.33410546,1.35369761,1.32798606,1.32775117,1.37703384,1.32586199,1.35843465
effective_response_magnitude,0.1171875,1.32448475,1.31155611,1.33741339,1.3313962,1.31687416,1.32830779,1.31420816,1.3090276,1.3540185,1.30851271,1.33353287
effective_response_magnitude,0.125,1.32732096,1.31707096,1.33757097,1.33079515,1.32280211,1.32714089,1.32364407,1.31553125,1.35330149,1.31404328,1.33130947
effective_response_magnitude,0.1328125,1.34311122,1.33475625,1.3514662,1.34457453,1.34098,1.33999271,1.34507117,1.33508912,1.36514836,1.33179183,1.34224208
effective_response_magnitude,0.140625,1.36223501,1.35487776,1.36959225,1.36270129,1.36172557,1.35741258,1.36866957,1.35755395,1.38037861,1.35217897,1.35725953
effective_response_magnitude,0.1484375,1.37740247,1.37037383,1.38443111,1.37743479,1.37772656,1.37213626,1.38709916,1.37567359,1.39200212,1.36791313,1.36923414
effective_response_magnitude,0.15625,1.38372708,1.37668671,1.39076745,1.38355456,1.38407732,1.37925599,1.39547526,1.38471639,1.39536081,1.37412458,1.37325172
effective_response_magnitude,0.1640625,1.37842001,1.37124706,1.38559296,1.37806941,1.37798577,1.37593569,1.3910306,1.38197668,1.38779091,1.36811352,1.3664575
effective_response_magnitude,0.171875,1.36046772,1.3530961,1.36783935,1.3598486,1.35847807,1.36105244,1.37279582,1.36641719,1.36830075,1.34903302,1.3478159
effective_response_magnitude,0.1796875,1.33038143,1.32268515,1.33807771,1.32932654,1.32617692,1.33489896,1.34137669,1.33844177,1.33734954,1.31761959,1.31786142
effective_response_magnitude,0.1875,1.29001307,1.28179082,1.29823533,1.28829698,1.28313836,1.29897719,1.29879971,1.29974194,1.29669547,1.27598799,1.27846692
effective_response_magnitude,0.1953125,1.24240345,1.23347084,1.25133605,1.23975797,1.23271044,1.25585265,1.24837582,1.25316817,1.24926516,1.22746143,1.23263592
effective_response_magnitude,0.203125,1.19161343,1.18194168,1.20128517,1.18774529,1.17936552,1.2090108,1.19453305,1.20258283,1.19900131,1.17637543,1.18429322
effective_response_magnitude,0.2109375,1.14246106,1.13226998,1.15265214,1.13707314,1.12841452,1.16265244,1.14254133,1.15263206,1.15061804,1.12775507,1.13800186
effective_response_magnitude,0.21875,1.10003775,1.08978031,1.11029519,1.09287877,1.08542407,1.12135337,1.09797913,1.10833054,1.10910863,1.08673696,1.09849055
effective_response_magnitude,0.2265625,1.0688662,1.05908405,1.07864836,1.05986133,1.0551553,1.08947074,1.06575823,1.07432338,1.07880388,1.0576638,1.06989296
effective_response_magnitude,0.234375,1.05176156,1.04287497,1.06064815,1.04117025,1.04024569,1.07019705,1.04878551,1.05381541,1.06213229,1.04300153,1.05474476
effective_response_magnitude,0.2421875,1.04889073,1.04106639,1.05671508,1.03723732,1.04040194,1.06446264,1.04696841,1.04755151,1.05887077,1.04255373,1.05307956
effective_response_magnitude,0.25,1.05769833,1.05085787,1.0645388,1.04548962,1.05261594,1.07038663,1.05738134,1.05345626,1.06641468,1.0535285,1.06231368
effective_response_magnitude,0.2578125,1.07384403,1.06772631,1.07996176,1.06145459,1.07221315,1.08392808,1.07541268,1.06732531,1.08074183,1.07148562,1.07819101
effective_response_magnitude,0.265625,1.09251602,1.0867622,1.09826983,1.08026947,1.09413338,1.10033052,1.09604601,1.08429051,1.09745302,1.09155472,1.09605048
effective_response_magnitude,0.2734375,1.10939042,1.10368936,1.11509148,1.09760751,1.11386714,1.11528575,1.11475792,1.10001543,1.11251322,1.1093554,1.11172096
effective_response_magnitude,0.28125,1.12108196,1.1152857,1.12687822,1.11003254,1.12790587,1.12544909,1.12796983,1.11118905,1.12266489,1.12148265,1.12196174
effective_response_magnitude,0.2890625,1.1252754,1.11940343,1.13114737,1.115113,1.13386186,1.12856241,1.13319494,1.11557572,1.12561018,1.12567705,1.12460806
effective_response_magnitude,0.296875,1.12071516,1.11489108,1.12653924,1.1114565,1.13044147,1.12343326,1.12903615,1.11189984,1.12005728,1.12082902,1.11856772
effective_response_magnitude,0.3046875,1.10715394,1.10153744,1.11277044,1.09870915,1.11739121,1.10987205,1.11514168,1.09974151,1.10570194,1.1069134,1.10376061
effective_response_magnitude,0.3125,1.08530513,1.08004003,1.09057023,1.07753813,1.09545721,1.08861359,1.0921729,1.07952942,1.08318603,1.08489497,1.08104881
effective_response_magnitude,0.3203125,1.05679753,1.05196216,1.06163289,1.04959499,1.06633928,1.06122975,1.06178911,1.05259608,1.05405034,1.05661455,1.05216611
effective_response_magnitude,0.328125,1.02410037,1.01964447,1.02855628,1.01742122,1.03260074,1.03002552,1.0266125,1.02118864,1.02067464,1.02465661,1.01962311
effective_response_magnitude,0.3359375,0.99037033,0.986077881,0.994662779,0.984232751,0.997492418,0.997881153,0.990102357,0.98834976,0.986168754,0.992188037,0.986547411
effective_response_magnitude,0.34375,0.959163138,0.954744336,0.963581941,0.953550266,0.964648316,0.967976512,0.956238833,0.957620051,0.954137038,0.962711017,0.956423075
effective_response_magnitude,0.3515625,0.933965683,0.929242338,0.938689029,0.928713986,0.937623562,0.943367415,0.92894378,0.932559576,0.928206472,0.939629086,0.932681591
effective_response_magnitude,0.359375,0.917546483,0.912492649,0.922600317,0.912324438,0.91927953,0.926508165,0.911288963,0.916129677,0.911270188,0.925575214,0.91799569
effective_response_magnitude,0.3671875,0.911246631,0.905862811,0.91663045,0.905649576,0.911104448,0.918849607,0.904696117,0.909951424,0.904660724,0.921666342,0.913394807
effective_response_magnitude,0.375,0.914567141,0.908811677,0.920322604,0.908227315,0.912756524,0.920437231,0.908523861,0.913664455,0.907743241,0.927126792,0.918057706
effective_response_magnitude,0.3828125,0.925354591,0.919194652,0.93151453,0.918026613,0.92218423,0.929634156,0.920377207,0.924996626,0.918232195,0.939588077,0.929797627
effective_response_magnitude,0.390625,0.9404947,0.933951159,0.947038242,0.93210525,0.936269151,0.943592709,0.936912022,0.940636644,0.932969658,0.955822565,0.945649602
effective_response_magnitude,0.3984375,0.956682594,0.949828602,0.963536586,0.947316056,0.951597961,0.959150155,0.954616067,0.95719695,0.948680509,0.972466899,0.962436154
effective_response_magnitude,0.40625,0.970961113,0.963903647,0.97801858,0.960818589,0.965071257,0.973418941,0.970350101,0.971781777,0.962463933,0.986529711,0.977254598
effective_response_magnitude,0.4140625,0.981011097,0.973858592,0.988163601,0.970367866,0.974256593,0.984053664,0.98166369,0.98220409,0.972036145,0.995691342,0.987815382
effective_response_magnitude,0.421875,0.985275713,0.978090239,0.992461188,0.974431506,0.977536079,0.989374965,0.986937334,0.987032741,0.975822916,0.998457804,0.992612363
effective_response_magnitude,0.4296875,0.982994747,0.975745226,0.990244269,0.972217376,0.97414092,0.988443448,0.985408955,0.985574161,0.972988048,0.994217077,0.990967993
effective_response_magnitude,0.4375,0.974191031,0.966739819,0.981642243,0.963674292,0.964136142,0.981086785,0.977129654,0.977830458,0.96343949,0.983225769,0.98300566
effective_response_magnitude,0.4453125,0.95962904,0.951775763,0.967482316,0.949487461,0.948382114,0.967874479,0.962890941,0.964458889,0.947815588,0.966542318,0.969580527
effective_response_magnitude,0.453125,0.940754512,0.932316572,0.949192452,0.93105609,0.928474659,0.95006132,0.944158799,0.94674109,0.92744946,0.945915898,0.952178779
effective_response_magnitude,0.4609375,0.919607906,0.910483452,0.928732359,0.910424368,0.906642944,0.929519498,0.923006804,0.926539011,0.904316408,0.923632854,0.932781357
effective_response_magnitude,0.46875,0.89867915,0.888863992,0.908494307,0.890124703,0.885556784,0.90864013,0.901982343,0.906185563,0.880944326,0.902310876,0.913688473
effective_response_magnitude,0.4765625,0.880639674,0.870214693,0.891064654,0.872865214,0.867979172,0.890098449,0.883814966,0.888236279,0.860214295,0.884610736,0.89729828
effective_response_magnitude,0.484375,0.867879629,0.857001916,0.878757343,0.860994376,0.856247831,0.87632165,0.870926247,0.875014719,0.844940001,0.872815623,0.885776588
effective_response_magnitude,0.4921875,0.861900245,0.850805255,0.872995236,0.855865012,0.851702774,0.868759921,0.864849366,0.868021188,0.837176333,0.868298297,0.880529071
effective_response_magnitude,0.5,0.862874318,0.851840571,0.873908065,0.857514427,0.854316709,0.867507721,0.865797246,0.867554425,0.83750506,0.871109754,0.881689199
effective_response_magnitude,0.5078125,0.869697055,0.858951891,0.880442219,0.864851281,0.862777199,0.871544395,0.872627467,0.872814284,0.844844581,0.879989584,0.888127649
effective_response_magnitude,0.515625,0.880424927,0.870083361,0.890766492,0.876086026,0.874966333,0.879213383,0.883271655,0.882160769,0.856968689,0.892794776,0.897937782
effective_response_magnitude,0.5234375,0.892783995,0.882872098,0.902695892,0.889159832,0.888506875,0.888624553,0.895337739,0.893386737,0.871255877,0.907045823,0.908954523
effective_response_magnitude,0.53125,0.904577688,0.895092492,0.914062883,0.902036425,0.901153052,0.897944382,0.90655294,0.904236657,0.885225123,0.920353694,0.919119228
effective_response_magnitude,0.5390625,0.913933725,0.904891709,0.922975741,0.912849856,0.911020038,0.905594955,0.914999109,0.912810924,0.896804024,0.930694488,0.926696408
effective_response_magnitude,0.546875,0.919445541,0.910895378,0.927995704,0.920053258,0.916723651,0.910373739,0.919250529,0.917727696,0.90444003,0.936581049,0.930414375
effective_response_magnitude,0.5546875,0.920271765,0.912265683,0.928277847,0.922609018,0.917478055,0.911504426,0.918481048,0.918204799,0.907149015,0.937168849,0.929578911
effective_response_magnitude,0.5625,0.916196243,0.908731561,0.923660926,0.92012297,0.9131559,0.908659122,0.912526837,0.914099959,0.904543436,0.932310387,0.924151336
effective_response_magnitude,0.5703125,0.907643542,0.900602466,0.914684619,0.912892267,0.904298176,0.902002166,0.901890396,0.905892418,0.896847535,0.922561279,0.914764102
effective_response_magnitude,0.578125,0.895649639,0.888770915,0.902528363,0.90188973,0.892064581,0.892230753,0.887730286,0.894604227,0.884891149,0.909133338,0.902653047
effective_response_magnitude,0.5859375,0.881773746,0.874691208,0.888856284,0.888686472,0.878116185,0.880541668,0.87183165,0.881678932,0.870063127,0.893779494,0.889492444
effective_response_magnitude,0.59375,0.867924222,0.860270178,0.875578267,0.875287595,0.864417112,0.868494176,0.856444083,0.868833641,0.854189637,0.878587482,0.877140052
effective_response_magnitude,0.6015625,0.85608278,0.847579696,0.864585864,0.863838097,0.852947798,0.857781294,0.843927783,0.857867772,0.839295171,0.86566817,0.867336157
effective_response_magnitude,0.609375,0.847947554,0.838428995,0.857466114,0.856150132,0.845359381,0.849941763,0.836267646,0.850389676,0.827272098,0.856770623,0.861429115
effective_response_magnitude,0.6171875,0.844579307,0.833976909,0.855181706,0.853154929,0.842657382,0.846057993,0.834599811,0.847473751,0.819574828,0.852935614,0.860180149
effective_response_magnitude,0.625,0.846190672,0.834537879,0.857843464,0.854720558,0.845017019,0.846509303,0.83897611,0.849368187,0.816978243,0.854331913,0.863624041
effective_response_magnitude,0.6328125,0.852152231,0.839591691,0.86471277,0.859952242,0.851765313,0.850887709,0.848458413,0.855421264,0.819419145,0.860320262,0.870993496
effective_response_magnitude,0.640625,0.861177751,0.847938393,0.874417109,0.867537487,0.861520896,0.858128427,0.861430649,0.864276117,0.826011682,0.869655682,0.880861069
effective_response_magnitude,0.6484375,0.871611598,0.857954449,0.885268747,0.875970548,0.872488095,0.866773691,0.8759688,0.874209793,0.835266684,0.880727069,0.891488106
effective_response_magnitude,0.65625,0.881722153,0.8678879,0.895556407,0.883745507,0.882806331,0.875262692,0.890129496,0.883462658,0.845428225,0.891792985,0.901149333
effective_response_magnitude,0.6640625,0.889931883,0.876116445,0.903747321,0.889532762,0.890810928,0.882174121,0.902136186,0.890473997,0.85478575,0.901192974,0.908348346
effective_response_magnitude,0.671875,0.894969178,0.881326614,0.908611742,0.892289628,0.895186279,0.886377896,0.910510505,0.894020832,0.861888088,0.9075204,0.911959798
effective_response_magnitude,0.6796875,0.895963434,0.882621456,0.909305411,0.891307918,0.89506399,0.887116042,0.914169936,0.893306529,0.865671418,0.909762399,0.911309237
effective_response_magnitude,0.6875,0.892511037,0.879585583,0.905436491,0.886251938,0.890099486,0.884057265,0.912500337,0.888036466,0.865532932,0.90740807,0.906201805
effective_response_magnitude,0.6953125,0.884728466,0.87232786,0.897129071,0.877218623,0.880534875,0.877337017,0.905431305,0.878483678,0.861370109,0.900515159,0.89693696
effective_response_magnitude,0.703125,0.873288009,0.861502449,0.885073569,0.864797242,0.867234388,0.86757364,0.893520773,0.865521547,0.853596681,0.889733136,0.884326664
effective_response_magnitude,0.7109375,0.859411238,0.848291303,0.870531174,0.850090703,0.851655592,0.855846972,0.878006132,0.850589367,0.84313288,0.876275586,0.869692675
effective_response_magnitude,0.71875,0.844783831,0.834316717,0.855250944,0.834675921,0.835710394,0.843613894,0.860762753,0.835558515,0.831339965,0.861813316,0.854795886
effective_response_magnitude,0.7265625,0.831350892,0.82144732,0.841254464,0.820471664,0.82148768,0.832522072,0.844102507,0.822485947,0.819843212,0.848261235,0.841632819
effective_response_magnitude,0.734375,0.820970767,0.811477199,0.830464336,0.809457372,0.810864399,0.824103668,0.830336641,0.813265593,0.810209145,0.837475769,0.83205355
effective_response_magnitude,0.7421875,0.814988056,0.805707398,0.824268713,0.803240873,0.805108152,0.819422537,0.821178147,0.809185193,0.803567167,0.830912516,0.827289861
effective_response_magnitude,0.75,0.813902002,0.80457899,0.823225013,0.802573417,0.804615628,0.818850556,0.817369188,0.810493955,0.80039153,0.82928635,0.827635389
effective_response_magnitude,0.7578125,0.817310667,0.807621033,0.827000301,0.807032628,0.808901991,0.822093646,0.818713874,0.816371868,0.800529413,0.832384109,0.832457805
effective_response_magnitude,0.765625,0.824146257,0.813765195,0.834527319,0.815230674,0.816837241,0.828374666,0.824283616,0.82539995,0.80334174,0.839209889,0.840492279
effective_response_magnitude,0.7734375,0.833001928,0.821701782,0.844302074,0.825376229,0.826973193,0.836574001,0.83268187,0.836019975,0.807865629,0.848316766,0.850207761
effective_response_magnitude,0.78125,0.842382195,0.830076609,0.85468778,0.835696817,0.837786026,0.845314415,0.84233769,0.846734501,0.813006598,0.858103015,0.860078496
effective_response_magnitude,0.7890625,0.850871616,0.837610275,0.864132957,0.844620467,0.847796451,0.853157357,0.85173799,0.856169887,0.817726595,0.867034694,0.868729487
effective_response_magnitude,0.796875,0.857254839,0.843201555,0.871308123,0.850842243,0.85565969,0.858860082,0.859555028,0.863143385,0.821163244,0.873804202,0.87501084
effective_response_magnitude,0.8046875,0.86060988,0.846010952,0.875208807,0.853397777,0.860285882,0.861541382,0.864723932,0.866752446,0.822675038,0.877439045,0.878063534
effective_response_magnitude,0.8125,0.860396283,0.845537947,0.875254619,0.851776658,0.86096618,0.860764419,0.866542111,0.866456422,0.821874647,0.877387864,0.877401961
effective_response_magnitude,0.8203125,0.856540819,0.841704506,0.871377133,0.846027753,0.857486183,0.856571605,0.86478971,0.862158166,0.81870098,0.873595973,0.872996184
effective_response_magnitude,0.828125,0.84949852,0.834921293,0.864075746,0.836807514,0.850222312,0.849479377,0.859813582,0.854282002,0.813500665,0.866557079,0.865325628
effective_response_magnitude,0.8359375,0.840263983,0.826105419,0.854422547,0.825362784,0.840197368,0.84044517,0.852530506,0.843819978,0.807052143,0.857313145,0.855390767
effective_response_magnitude,0.84375,0.830309554,0.816636852,0.843982256,0.813449548,0.829050756,0.830801303,0.844335935,0.832315893,0.800499382,0.847366111,0.844657505
effective_response_magnitude,0.8515625,0.821415677,0.808234236,0.834597119,0.803154074,0.81886351,0.822112322,0.836904613,0.821740512,0.795196254,0.838463917,0.834890216
effective_response_magnitude,0.859375,0.81535761,0.802693757,0.828021463,0.796557833,0.811781864,0.815904477,0.831865348,0.814179822,0.792464172,0.832257857,0.827849508
effective_response_magnitude,0.8671875,0.813463503,0.801433633,0.825493373,0.795254979,0.80944793,0.813279273,0.830399664,0.811272322,0.793245456,0.829913351,0.824895052
effective_response_magnitude,0.875,0.816184612,0.80494098,0.827428243,0.799832148,0.812441552,0.814578675,0.832923736,0.81356365,0.797698376,0.831818853,0.826619901
effective_response_magnitude,0.8828125,0.822944089,0.812502808,0.83338537,0.809495579,0.820115583,0.819341356,0.838984908,0.820315756,0.805096022,0.837514363,0.832689145
effective_response_magnitude,0.890625,0.832394206,0.822530929,0.842257482,0.822297276,0.830923279,0.826548494,0.847409202,0.829941766,0.814193136,0.845870046,0.841970446
effective_response_magnitude,0.8984375,0.842869968,0.833216845,0.852523092,0.835962331,0.842930902,0.834933336,0.856651425,0.840582093,0.823627048,0.855407186,0.852865423
effective_response_magnitude,0.90625,0.852756401,0.842994195,0.862518607,0.848542262,0.854244849,0.843203599,0.865161507,0.850502467,0.832137631,0.864598983,0.86365991
effective_response_magnitude,0.9140625,0.86068204,0.850651526,0.870712554,0.858630966,0.863269743,0.850165645,0.871609777,0.858292565,0.838651985,0.872065783,0.872769857
effective_response_magnitude,0.921875,0.86557693,0.85526913,0.87588473,0.865303039,0.868815652,0.854788485,0.874966757,0.862915175,0.84229049,0.876666774,0.878869067
effective_response_magnitude,0.9296875,0.866658222,0.856151811,0.877164634,0.867906098,0.870105569,0.856242842,0.87450224,0.863667898,0.842356385,0.877533275,0.880951471
effective_response_magnitude,0.9375,0.863416299,0.852823091,0.874009507,0.865910486,0.866740462,0.85394058,0.869764404,0.860127704,0.838364631,0.874100012,0.878382115
effective_response_magnitude,0.9453125,0.85565295,0.845084154,0.866221746,0.858983813,0.858676984,0.847592257,0.860586254,0.852141446,0.830117753,0.86616891,0.870956181
effective_response_magnitude,0.953125,0.843565451,0.833105811,0.854025091,0.847191651,0.846250438,0.837287914,0.84715154,0.839889553,0.817799638,0.853995347,0.858957526
effective_response_magnitude,0.9609375,0.827843201,0.817526497,0.838159905,0.831161974,0.830237849,0.823588209,0.830116909,0.824005383,0.802065058,0.838364299,0.843205927
effective_response_magnitude,0.96875,0.809751361,0.799544899,0.819957822,0.812181878,0.811931637,0.807604462,0.810744901,0.805706164,0.784118986,0.820633813,0.825089044
effective_response_magnitude,0.9765625,0.791178039,0.780991037,0.80136504,0.792246834,0.793188767,0.791043777,0.790988447,0.786883233,0.765774768,0.802728331,0.806570152
effective_response_magnitude,0.984375,0.774600722,0.764328643,0.784872801,0.774050558,0.776417181,0.776176802,0.773458233,0.770081967,0.74944407,0.787041351,0.790135616
effective_response_magnitude,0.9921875,0.762867248,0.752463377,0.773271119,0.760841245,0.764437928,0.765626793,0.761143223,0.758234393,0.737924527,0.776153924,0.77857595
effective_response_magnitude,1,0.758574744,0.748104338,0.769045151,0.755895522,0.760006371,0.76176835,0.756671863,0.753925248,0.733729086,0.772231266,0.774370248
